landmark,site,name,common_cancer_free_candidates,first_any_cases_5y,target_only_cancer_free_candidates,first_target_cases_5y
baseline,lung,肺癌,475249,1302,501811,1572
baseline,colorectal,结直肠癌,475249,2304,499597,2551
baseline,liver,肝癌及肝内胆管癌,475249,180,502125,204
baseline,breast,女性乳腺癌,256025,3969,263567,4152
baseline,stomach,胃癌,475249,238,501999,272
baseline,pancreas,胰腺癌,475249,374,502103,438
baseline,oesophagus,食管癌,475249,349,502012,402
baseline,prostate,前列腺癌,219224,4020,225665,4245
baseline,leukaemia,白血病,475249,468,501617,522
baseline,cervix,宫颈癌,256025,57,272191,63
2010-01-01,lung,肺癌,387788,1228,412258,1490
2010-01-01,colorectal,结直肠癌,387788,2010,410217,2241
2010-01-01,liver,肝癌及肝内胆管癌,387788,174,412622,196
2010-01-01,breast,女性乳腺癌,209185,3324,216181,3489
2010-01-01,stomach,胃癌,387788,217,412509,254
2010-01-01,pancreas,胰腺癌,387788,352,412609,415
2010-01-01,oesophagus,食管癌,387788,323,412517,361
2010-01-01,prostate,前列腺癌,178603,3425,184531,3623
2010-01-01,leukaemia,白血病,387788,425,412166,484
2010-01-01,cervix,宫颈癌,209185,36,223886,43
2011-01-01,lung,肺癌,467002,1574,498728,1914
2011-01-01,colorectal,结直肠癌,467002,2393,495991,2671
2011-01-01,liver,肝癌及肝内胆管癌,467002,234,499239,264
2011-01-01,breast,女性乳腺癌,252161,4051,261123,4255
2011-01-01,stomach,胃癌,467002,256,499091,304
2011-01-01,pancreas,胰腺癌,467002,465,499208,545
2011-01-01,oesophagus,食管癌,467002,391,499080,448
2011-01-01,prostate,前列腺癌,214841,4475,222586,4770
2011-01-01,leukaemia,白血病,467002,554,498626,634
2011-01-01,cervix,宫颈癌,252161,47,271098,53
2012-01-01,lung,肺癌,462421,1707,496732,2053
2012-01-01,colorectal,结直肠癌,462421,2467,493731,2785
2012-01-01,liver,肝癌及肝内胆管癌,462421,266,497331,302
2012-01-01,breast,女性乳腺癌,250051,4046,259658,4259
2012-01-01,stomach,胃癌,462421,273,497179,331
2012-01-01,pancreas,胰腺癌,462421,523,497290,616
2012-01-01,oesophagus,食管癌,462421,419,497159,483
2012-01-01,prostate,前列腺癌,212370,4711,220721,5047
2012-01-01,leukaemia,白血病,462421,571,496662,662
2012-01-01,cervix,宫颈癌,250051,46,270314,53
2013-01-01,lung,肺癌,457453,1769,494429,2153
2013-01-01,colorectal,结直肠癌,457453,2521,491162,2856
2013-01-01,liver,肝癌及肝内胆管癌,457453,279,495111,321
2013-01-01,breast,女性乳腺癌,247814,4074,258105,4293
2013-01-01,stomach,胃癌,457453,291,494957,352
2013-01-01,pancreas,胰腺癌,457453,562,495071,668
2013-01-01,oesophagus,食管癌,457453,434,494922,507
2013-01-01,prostate,前列腺癌,209639,4818,218586,5197
2013-01-01,leukaemia,白血病,457453,627,494414,735
2013-01-01,cervix,宫颈癌,247814,56,269428,64
2014-01-01,lung,肺癌,452052,1842,491774,2248
2014-01-01,colorectal,结直肠癌,452052,2540,488240,2907
2014-01-01,liver,肝癌及肝内胆管癌,452052,311,492526,357
2014-01-01,breast,女性乳腺癌,245384,4062,256345,4296
2014-01-01,stomach,胃癌,452052,302,492355,366
2014-01-01,pancreas,胰腺癌,452052,597,492472,718
2014-01-01,oesophagus,食管癌,452052,476,492308,553
2014-01-01,prostate,前列腺癌,206668,5233,216274,5658
2014-01-01,leukaemia,白血病,452052,612,491752,733
2014-01-01,cervix,宫颈癌,245384,55,268324,60
2015-01-01,lung,肺癌,446256,1932,488592,2397
2015-01-01,colorectal,结直肠癌,446256,2694,484834,3115
2015-01-01,liver,肝癌及肝内胆管癌,446256,323,489414,381
2015-01-01,breast,女性乳腺癌,242774,4033,254369,4281
2015-01-01,stomach,胃癌,446256,327,489246,398
2015-01-01,pancreas,胰腺癌,446256,647,489357,784
2015-01-01,oesophagus,食管癌,446256,500,489185,593
2015-01-01,prostate,前列腺癌,203482,5471,213603,5947
2015-01-01,leukaemia,白血病,446256,619,488581,739
2015-01-01,cervix,宫颈癌,242774,52,267020,56
2016-01-01,lung,肺癌,440604,1936,485615,2430
2016-01-01,colorectal,结直肠癌,440604,2745,481675,3221
2016-01-01,liver,肝癌及肝内胆管癌,440604,324,486561,381
2016-01-01,breast,女性乳腺癌,240297,3772,252551,4039
2016-01-01,stomach,胃癌,440604,349,486394,424
2016-01-01,pancreas,胰腺癌,440604,657,486511,827
2016-01-01,oesophagus,食管癌,440604,506,486320,596
2016-01-01,prostate,前列腺癌,200307,5446,211014,5946
2016-01-01,leukaemia,白血病,440604,601,485653,727
2016-01-01,cervix,宫颈癌,240297,57,265905,61
