strategy,site,name,unique_first_any_cases,positive_windows,unique_first_target_cases
2010+2015,lung,肺癌,3160,3160,3887
2010+2015,colorectal,结直肠癌,4704,4704,5356
2010+2015,liver,肝癌及肝内胆管癌,497,497,577
2010+2015,breast,女性乳腺癌,7357,7357,7770
2010+2015,stomach,胃癌,544,544,652
2010+2015,pancreas,胰腺癌,999,999,1199
2010+2015,oesophagus,食管癌,823,823,954
2010+2015,prostate,前列腺癌,8896,8896,9570
2010+2015,leukaemia,白血病,1044,1044,1223
2010+2015,cervix,宫颈癌,88,88,99
2011+2015,lung,肺癌,3117,3506,3847
2011+2015,colorectal,结直肠癌,4606,5087,5245
2011+2015,liver,肝癌及肝内胆管癌,494,557,571
2011+2015,breast,女性乳腺癌,7239,8084,7654
2011+2015,stomach,胃癌,534,583,642
2011+2015,pancreas,胰腺癌,995,1112,1199
2011+2015,oesophagus,食管癌,806,891,939
2011+2015,prostate,前列腺癌,8995,9946,9686
2011+2015,leukaemia,白血病,1042,1173,1216
2011+2015,cervix,宫颈癌,92,99,101
2011+2016,lung,肺癌,3510,3510,4344
2011+2016,colorectal,结直肠癌,5138,5138,5892
2011+2016,liver,肝癌及肝内胆管癌,558,558,645
2011+2016,breast,女性乳腺癌,7823,7823,8294
2011+2016,stomach,胃癌,605,605,728
2011+2016,pancreas,胰腺癌,1122,1122,1372
2011+2016,oesophagus,食管癌,897,897,1044
2011+2016,prostate,前列腺癌,9921,9921,10716
2011+2016,leukaemia,白血病,1155,1155,1361
2011+2016,cervix,宫颈癌,104,104,114
annual2010-2015,lung,肺癌,3329,10052,4093
annual2010-2015,colorectal,结直肠癌,5003,14625,5690
annual2010-2015,liver,肝癌及肝内胆管癌,515,1587,599
annual2010-2015,breast,女性乳腺癌,7894,23590,8336
annual2010-2015,stomach,胃癌,571,1666,681
annual2010-2015,pancreas,胰腺癌,1049,3146,1260
annual2010-2015,oesophagus,食管癌,871,2543,1010
annual2010-2015,prostate,前列腺癌,9572,28133,10293
annual2010-2015,leukaemia,白血病,1110,3408,1293
annual2010-2015,cervix,宫颈癌,100,292,111
baseline+2010+2015,lung,肺癌,3573,4462,4377
baseline+2010+2015,colorectal,结直肠癌,5469,7008,6188
baseline+2010+2015,liver,肝癌及肝内胆管癌,554,677,640
baseline+2010+2015,breast,女性乳腺癌,8767,11326,9244
baseline+2010+2015,stomach,胃癌,624,782,741
baseline+2010+2015,pancreas,胰腺癌,1118,1373,1337
baseline+2010+2015,oesophagus,食管癌,932,1172,1084
baseline+2010+2015,prostate,前列腺癌,10345,12916,11103
baseline+2010+2015,leukaemia,白血病,1204,1512,1399
baseline+2010+2015,cervix,宫颈癌,114,145,127
baseline+2015,lung,肺癌,3219,3234,3952
baseline+2015,colorectal,结直肠癌,4970,4998,5637
baseline+2015,liver,肝癌及肝内胆管癌,500,503,582
baseline+2015,breast,女性乳腺癌,7951,8002,8382
baseline+2015,stomach,胃癌,562,565,667
baseline+2015,pancreas,胰腺癌,1015,1021,1216
baseline+2015,oesophagus,食管癌,844,849,990
baseline+2015,prostate,前列腺癌,9427,9491,10124
baseline+2015,leukaemia,白血病,1078,1087,1251
baseline+2015,cervix,宫颈癌,107,109,117
