year,entries,patients
1957,1,1
1959,2,2
1961,6,6
1962,1,1
1964,2,2
1965,1,1
1966,1,1
1967,4,4
1968,2,2
1969,10,10
1970,10,10
1971,55,46
1972,84,77
1973,118,101
1974,113,97
1975,151,113
1976,209,157
1977,210,155
1978,253,179
1979,361,218
1980,452,265
1981,539,315
1982,563,331
1983,704,412
1984,799,465
1985,1074,618
1986,1141,647
1987,1325,750
1988,1361,788
1989,1544,880
1990,1581,890
1991,1578,888
1992,1728,954
1993,1884,1055
1994,2010,1143
1995,1384,1295
1996,1511,1434
1997,1698,1626
1998,1921,1814
1999,2110,1977
2000,2339,2220
2001,2565,2446
2002,2689,2568
2003,3121,2951
2004,3621,3391
2005,3942,3746
2006,4448,4216
2007,5031,4755
2008,5319,5035
2009,6076,5704
2010,7380,6318
2011,7872,6902
2012,7708,7200
2013,8105,7788
2014,8386,8031
2015,8972,8489
2016,9748,9231
2017,9342,8942
2018,9949,9541
2019,10550,10065
2020,8653,8237
2021,3216,3129
2022,398,393
