global_mortality_rank,site,name,icd10,registry_entries,ever_patients,valid_date_patients,prevalent_at_baseline,first_site_after_baseline,first_any_cancer_after_baseline,baseline_5y_first_any_cancer,primary_cause_deaths,any_mention_deaths,icd9_fallback_entries,first_date,last_date
1,lung,肺癌,"C33,C34",5660,5312,5312,352,4960,4030,1302,3669,3946,55,1970-05-22,2022-01-18
2,colorectal,结直肠癌,"C18,C19,C20,C21",10321,9523,9523,2566,6957,6100,2304,2086,2248,395,1971-03-12,2022-02-22
3,liver,肝癌及肝内胆管癌,C22,812,774,774,38,736,636,180,738,799,2,1985-08-22,2022-02-22
4,breast,女性乳腺癌,C50,23067,19619,19619,9608,10011,9461,3969,1607,1819,2375,1969-05-15,2022-02-25
5,stomach,胃癌,C16,1058,1006,1006,164,842,707,238,518,551,23,1980-08-29,2022-02-03
6,pancreas,胰腺癌,C25,1659,1604,1604,60,1544,1271,374,1616,1677,11,1976-06-04,2021-12-16
7,oesophagus,食管癌,C15,1402,1358,1358,151,1207,1036,349,1030,1097,7,1983-11-26,2022-02-09
8,prostate,前列腺癌,C61,16014,15620,15620,3323,12297,11411,4020,1287,1653,15,1971-03-08,2022-01-18
9,leukaemia,白血病,"C91,C92,C93,C94,C95",2209,2100,2100,546,1554,1323,468,682,871,101,1967-05-01,2022-01-27
10,cervix,宫颈癌,C53,1428,1126,1126,984,142,128,57,45,49,815,1965-04-19,2021-02-18
