landmark,site,name,split,clinical_candidates,registry_observed_cases,evaluable_binary_labels
2011-01-01,lung,肺癌,all,456834,1513,0
2011-01-01,lung,肺癌,train,319776,1098,0
2011-01-01,lung,肺癌,validation,68560,230,0
2011-01-01,lung,肺癌,test,68498,185,0
2011-01-01,colorectal,结直肠癌（含肛门）,all,456834,2322,0
2011-01-01,colorectal,结直肠癌（含肛门）,train,319776,1593,0
2011-01-01,colorectal,结直肠癌（含肛门）,validation,68560,353,0
2011-01-01,colorectal,结直肠癌（含肛门）,test,68498,376,0
2011-01-01,liver,肝癌及肝内胆管癌,all,456834,221,0
2011-01-01,liver,肝癌及肝内胆管癌,train,319776,163,0
2011-01-01,liver,肝癌及肝内胆管癌,validation,68560,28,0
2011-01-01,liver,肝癌及肝内胆管癌,test,68498,30,0
2011-01-01,breast,女性乳腺癌,all,245552,3891,0
2011-01-01,breast,女性乳腺癌,train,171963,2720,0
2011-01-01,breast,女性乳腺癌,validation,36754,600,0
2011-01-01,breast,女性乳腺癌,test,36835,571,0
2011-01-01,stomach,胃癌,all,456834,248,0
2011-01-01,stomach,胃癌,train,319776,164,0
2011-01-01,stomach,胃癌,validation,68560,44,0
2011-01-01,stomach,胃癌,test,68498,40,0
2011-01-01,pancreas,胰腺癌,all,456834,447,0
2011-01-01,pancreas,胰腺癌,train,319776,328,0
2011-01-01,pancreas,胰腺癌,validation,68560,55,0
2011-01-01,pancreas,胰腺癌,test,68498,64,0
2011-01-01,oesophagus,食管癌,all,456834,376,0
2011-01-01,oesophagus,食管癌,train,319776,270,0
2011-01-01,oesophagus,食管癌,validation,68560,54,0
2011-01-01,oesophagus,食管癌,test,68498,52,0
2011-01-01,prostate,前列腺癌,all,211282,4348,0
2011-01-01,prostate,前列腺癌,train,147813,3089,0
2011-01-01,prostate,前列腺癌,validation,31806,640,0
2011-01-01,prostate,前列腺癌,test,31663,619,0
2011-01-01,leukaemia,白血病,all,456834,510,0
2011-01-01,leukaemia,白血病,train,319776,360,0
2011-01-01,leukaemia,白血病,validation,68560,74,0
2011-01-01,leukaemia,白血病,test,68498,76,0
2011-01-01,cervix,宫颈癌,all,245552,46,0
2011-01-01,cervix,宫颈癌,train,171963,26,0
2011-01-01,cervix,宫颈癌,validation,36754,10,0
2011-01-01,cervix,宫颈癌,test,36835,10,0
2016-01-01,lung,肺癌,all,429953,1853,0
2016-01-01,lung,肺癌,train,300864,1291,0
2016-01-01,lung,肺癌,validation,64510,265,0
2016-01-01,lung,肺癌,test,64579,297,0
2016-01-01,colorectal,结直肠癌（含肛门）,all,429953,2659,0
2016-01-01,colorectal,结直肠癌（含肛门）,train,300864,1852,0
2016-01-01,colorectal,结直肠癌（含肛门）,validation,64510,422,0
2016-01-01,colorectal,结直肠癌（含肛门）,test,64579,385,0
2016-01-01,liver,肝癌及肝内胆管癌,all,429953,310,0
2016-01-01,liver,肝癌及肝内胆管癌,train,300864,209,0
2016-01-01,liver,肝癌及肝内胆管癌,validation,64510,57,0
2016-01-01,liver,肝癌及肝内胆管癌,test,64579,44,0
2016-01-01,breast,女性乳腺癌,all,233541,3609,0
2016-01-01,breast,女性乳腺癌,train,163524,2561,0
2016-01-01,breast,女性乳腺癌,validation,34943,506,0
2016-01-01,breast,女性乳腺癌,test,35074,542,0
2016-01-01,stomach,胃癌,all,429953,338,0
2016-01-01,stomach,胃癌,train,300864,239,0
2016-01-01,stomach,胃癌,validation,64510,53,0
2016-01-01,stomach,胃癌,test,64579,46,0
2016-01-01,pancreas,胰腺癌,all,429953,634,0
2016-01-01,pancreas,胰腺癌,train,300864,459,0
2016-01-01,pancreas,胰腺癌,validation,64510,86,0
2016-01-01,pancreas,胰腺癌,test,64579,89,0
2016-01-01,oesophagus,食管癌,all,429953,482,0
2016-01-01,oesophagus,食管癌,train,300864,350,0
2016-01-01,oesophagus,食管癌,validation,64510,71,0
2016-01-01,oesophagus,食管癌,test,64579,61,0
2016-01-01,prostate,前列腺癌,all,196412,5310,0
2016-01-01,prostate,前列腺癌,train,137340,3680,0
2016-01-01,prostate,前列腺癌,validation,29567,797,0
2016-01-01,prostate,前列腺癌,test,29505,833,0
2016-01-01,leukaemia,白血病,all,429953,562,0
2016-01-01,leukaemia,白血病,train,300864,398,0
2016-01-01,leukaemia,白血病,validation,64510,75,0
2016-01-01,leukaemia,白血病,test,64579,89,0
2016-01-01,cervix,宫颈癌,all,233541,55,0
2016-01-01,cervix,宫颈癌,train,163524,37,0
2016-01-01,cervix,宫颈癌,validation,34943,8,0
2016-01-01,cervix,宫颈癌,test,35074,10,0
