age,site,name,cancer_free_candidates,observed_5y_first_site_cases,observed_5y_first_any_cancer_cases,first_any_cases_1_to_5y,first_any_cases_at_least_5_history_codes,first_any_cases_at_least_10_history_codes
baseline,lung,肺癌,475249,1382,1302,1098,832,473
baseline,colorectal,结直肠癌,475249,2377,2304,1903,1244,567
baseline,liver,肝癌及肝内胆管癌,475249,188,180,151,123,77
baseline,breast,女性乳腺癌,256025,4010,3969,3139,2151,1039
baseline,stomach,胃癌,475249,247,238,200,135,67
baseline,pancreas,胰腺癌,475249,395,374,316,207,105
baseline,oesophagus,食管癌,475249,357,349,295,199,84
baseline,prostate,前列腺癌,219224,4117,4020,3339,2241,1017
baseline,leukaemia,白血病,475249,480,468,386,249,131
baseline,cervix,宫颈癌,256025,59,57,46,25,11
40,lung,肺癌,5,0,0,0,0,0
40,colorectal,结直肠癌,5,0,0,0,0,0
40,liver,肝癌及肝内胆管癌,5,0,0,0,0,0
40,breast,女性乳腺癌,1,0,0,0,0,0
40,stomach,胃癌,5,0,0,0,0,0
40,pancreas,胰腺癌,5,0,0,0,0,0
40,oesophagus,食管癌,5,0,0,0,0,0
40,prostate,前列腺癌,4,0,0,0,0,0
40,leukaemia,白血病,5,0,0,0,0,0
40,cervix,宫颈癌,1,0,0,0,0,0
50,lung,肺癌,112554,73,70,63,42,26
50,colorectal,结直肠癌,112554,207,204,165,115,57
50,liver,肝癌及肝内胆管癌,112554,13,13,10,7,4
50,breast,女性乳腺癌,61114,794,793,602,474,263
50,stomach,胃癌,112554,29,28,25,15,7
50,pancreas,胰腺癌,112554,33,32,27,18,5
50,oesophagus,食管癌,112554,19,19,16,8,4
50,prostate,前列腺癌,51440,183,180,159,77,36
50,leukaemia,白血病,112554,47,46,35,19,10
50,cervix,宫颈癌,61114,18,18,13,8,3
55,lung,肺癌,171249,196,190,153,117,66
55,colorectal,结直肠癌,171249,453,447,331,243,118
55,liver,肝癌及肝内胆管癌,171249,44,44,37,33,24
55,breast,女性乳腺癌,94193,937,929,697,550,309
55,stomach,胃癌,171249,43,43,36,30,12
55,pancreas,胰腺癌,171249,81,78,62,49,21
55,oesophagus,食管癌,171249,59,58,46,41,15
55,prostate,前列腺癌,77056,647,639,537,344,156
55,leukaemia,白血病,171249,100,97,82,57,29
55,cervix,宫颈癌,94193,15,15,13,6,3
60,lung,肺癌,195699,427,411,337,286,180
60,colorectal,结直肠癌,195699,787,771,559,462,243
60,liver,肝癌及肝内胆管癌,195699,72,70,61,54,36
60,breast,女性乳腺癌,108684,1372,1362,1072,833,493
60,stomach,胃癌,195699,62,61,48,33,19
60,pancreas,胰腺癌,195699,144,138,111,85,52
60,oesophagus,食管癌,195699,124,123,89,79,46
60,prostate,前列腺癌,87015,1215,1192,956,714,343
60,leukaemia,白血病,195699,130,125,109,78,51
60,cervix,宫颈癌,108684,20,19,17,12,5
65,lung,肺癌,236308,869,835,661,589,402
65,colorectal,结直肠癌,236308,1161,1131,884,709,357
65,liver,肝癌及肝内胆管癌,236308,130,126,101,101,70
65,breast,女性乳腺癌,129989,1932,1904,1455,1255,707
65,stomach,胃癌,236308,140,131,103,91,51
65,pancreas,胰腺癌,236308,275,266,210,172,112
65,oesophagus,食管癌,236308,219,211,164,141,95
65,prostate,前列腺癌,106319,2893,2821,2246,1781,963
65,leukaemia,白血病,236308,306,289,229,190,102
65,cervix,宫颈癌,129989,20,19,14,8,3
70,lung,肺癌,235876,1305,1222,960,973,662
70,colorectal,结直肠癌,235876,1641,1585,1205,1070,637
70,liver,肝癌及肝内胆管癌,235876,190,187,148,157,110
70,breast,女性乳腺癌,126877,1506,1481,1070,1064,689
70,stomach,胃癌,235876,203,190,158,140,84
70,pancreas,胰腺癌,235876,365,345,274,258,176
70,oesophagus,食管癌,235876,315,304,245,231,142
70,prostate,前列腺癌,108999,3267,3186,2457,2215,1276
70,leukaemia,白血病,235876,354,343,275,240,160
70,cervix,宫颈癌,126877,17,15,12,10,5
