code,len,token_id
A00,15,5
A01,98,6
A02,483,7
A03,135,8
A04,4484,9
A05,245,10
A06,74,11
A07,319,12
A08,3008,13
A09,8551,14
A15,1805,15
A16,403,16
A17,12,17
A18,119,18
A19,10,19
A20,3,20
A22,1,21
A23,18,22
A25,3,23
A26,9,24
A27,20,25
A28,29,26
A30,2,27
A31,56,28
A32,9,29
A33,1,30
A35,77,31
A36,106,32
A37,2287,33
A38,1416,34
A39,66,35
A40,248,36
A41,4126,37
A42,135,38
A44,1,39
A46,202,40
A48,119,41
A49,1008,42
A50,3,43
A51,17,44
A52,15,45
A53,18,46
A54,193,47
A55,2,48
A56,57,49
A58,1,50
A59,63,51
A60,296,52
A63,1214,53
A64,3,54
A66,16,55
A67,6,56
A68,2,57
A69,173,58
A70,24,59
A71,28,60
A74,36,61
A75,3,62
A77,13,63
A78,5,64
A80,356,65
A81,30,66
A82,9,67
A83,22,68
A84,4,69
A85,9,70
A86,56,71
A87,314,72
A88,10,73
A89,29,74
A90,46,75
A91,2,76
A92,7,77
A93,4,78
A94,2,79
A95,62,80
A97,23,81
A98,1,82
B00,3130,83
B01,17244,84
B02,11506,85
B03,8,86
B05,12226,87
B06,4384,88
B07,11196,89
B08,648,90
B09,17,91
B15,756,92
B16,267,93
B17,253,94
B18,432,95
B19,876,96
B20,45,97
B21,10,98
B22,8,99
B23,27,100
B24,342,101
B25,142,102
B26,8106,103
B27,2552,104
B30,109,105
B33,145,106
B34,6922,107
B35,20906,108
B36,3745,109
B37,5839,110
B39,5,111
B40,1,112
B42,2,113
B43,1,114
B44,179,115
B45,4,116
B46,1,117
B47,13,118
B48,16,119
B49,275,120
B50,116,121
B51,25,122
B52,3,123
B53,3,124
B54,638,125
B55,9,126
B57,1,127
B58,39,128
B59,40,129
B60,5,130
B65,79,131
B66,3,132
B67,6,133
B68,5,134
B69,3,135
B71,6,136
B73,7,137
B74,3,138
B76,24,139
B77,10,140
B78,3,141
B79,2,142
B80,452,143
B81,11,144
B82,49,145
B83,55,146
B85,206,147
B86,1569,148
B87,5,149
B88,122,150
B89,2,151
B90,26,152
B91,119,153
B94,55,154
B95,3622,155
B96,7827,156
B97,500,157
B98,1996,158
B99,441,159
C00,40,160
C01,106,161
C02,160,162
C03,28,163
C04,43,164
C05,45,165
C06,55,166
C07,66,167
C08,31,168
C09,176,169
C10,62,170
C11,35,171
C12,31,172
C13,26,173
C14,53,174
C15,590,175
C16,484,176
C17,156,177
C18,2534,178
C19,561,179
C20,1197,180
C21,140,181
C22,327,182
C23,49,183
C24,127,184
C25,537,185
C26,122,186
C30,27,187
C31,18,188
C32,180,189
C33,4,190
C34,1914,191
C37,17,192
C38,44,193
C39,3,194
C40,30,195
C41,85,196
C43,1644,197
C44,9110,198
C45,200,199
C46,4,200
C47,22,201
C48,154,202
C49,234,203
C50,8646,204
C51,95,205
C52,28,206
C53,200,207
C54,1030,208
C55,114,209
C56,815,210
C57,69,211
C58,1,212
C60,44,213
C61,5033,214
C62,228,215
C63,15,216
C64,843,217
C65,55,218
C66,63,219
C67,1781,220
C68,27,221
C69,139,222
C70,18,223
C71,430,224
C72,23,225
C73,308,226
C74,39,227
C75,48,228
C76,101,229
C77,4615,230
C78,4092,231
C79,3158,232
C80,1108,233
C81,234,234
C82,373,235
C83,725,236
C84,92,237
C85,1001,238
C86,17,239
C88,98,240
C90,486,241
C91,545,242
C92,404,243
C93,24,244
C94,23,245
C95,50,246
C96,15,247
C97,113,248
D00,53,249
D01,52,250
D02,42,251
D03,616,252
D04,568,253
D05,1819,254
D06,473,255
D07,403,256
D09,188,257
D10,384,258
D11,400,259
D12,11128,260
D13,1105,261
D14,211,262
D15,68,263
D16,260,264
D17,5575,265
D18,1312,266
D19,7,267
D20,8,268
D21,455,269
D22,3877,270
D23,3394,271
D24,1195,272
D25,8954,273
D26,294,274
D27,1238,275
D28,181,276
D29,119,277
D30,144,278
D31,95,279
D32,449,280
D33,279,281
D34,206,282
D35,767,283
D36,649,284
D37,953,285
D38,161,286
D39,152,287
D40,84,288
D41,686,289
D42,11,290
D43,183,291
D44,176,292
D45,335,293
D46,246,294
D47,514,295
D48,644,296
D50,13267,297
D51,2048,298
D52,309,299
D53,109,300
D55,20,301
D56,398,302
D57,348,303
D58,132,304
D59,160,305
D60,12,306
D61,568,307
D62,226,308
D63,671,309
D64,13416,310
D65,40,311
D66,89,312
D67,12,313
D68,1340,314
D69,2163,315
D70,3149,316
D71,17,317
D72,698,318
D73,454,319
D74,3,320
D75,1519,321
D76,63,322
D77,1,323
D80,175,324
D81,10,325
D82,20,326
D83,31,327
D84,84,328
D86,1181,329
D89,344,330
E01,54,331
E02,44,332
E03,21841,333
E04,2896,334
E05,4619,335
E06,845,336
E07,1534,337
E10,2785,338
E11,20020,339
E12,1,340
E13,193,341
E14,15873,342
E15,21,343
E16,1685,344
E20,125,345
E21,1061,346
E22,504,347
E23,679,348
E24,126,349
E25,16,350
E26,107,351
E27,564,352
E28,1501,353
E29,305,354
E30,13,355
E31,11,356
E32,8,357
E34,227,358
E35,3,359
E41,5,360
E43,7,361
E44,4,362
E45,1,363
E46,173,364
E50,5,365
E51,16,366
E52,1,367
E53,1304,368
E54,8,369
E55,1012,370
E56,196,371
E58,26,372
E60,16,373
E61,434,374
E63,31,375
E64,2,376
E65,86,377
E66,19997,378
E67,9,379
E68,1,380
E70,34,381
E71,7,382
E72,58,383
E73,233,384
E74,248,385
E75,65,386
E76,5,387
E77,7,388
E78,66707,389
E79,354,390
E80,954,391
E83,2395,392
E84,87,393
E85,109,394
E86,2704,395
E87,6324,396
E88,570,397
E89,1342,398
F00,253,399
F01,321,400
F02,132,401
F03,672,402
F04,17,403
F05,655,404
F06,424,405
F07,125,406
F09,339,407
F10,6036,408
F11,178,409
F12,181,410
F13,179,411
F14,39,412
F15,39,413
F16,26,414
F17,24609,415
F18,8,416
F19,201,417
F20,772,418
F21,13,419
F22,283,420
F23,169,421
F24,5,422
F25,204,423
F28,4,424
F29,275,425
F30,294,426
F31,1447,427
F32,33893,428
F33,2358,429
F34,570,430
F38,100,431
F39,553,432
F40,1813,433
F41,18006,434
F42,516,435
F43,9485,436
F44,181,437
F45,1977,438
F48,738,439
F50,585,440
F51,366,441
F52,1344,442
F53,924,443
F54,5,444
F55,12,445
F59,3,446
F60,421,447
F61,21,448
F62,30,449
F63,26,450
F64,54,451
F65,18,452
F66,257,453
F68,14,454
F69,95,455
F70,32,456
F71,11,457
F72,2,458
F78,3,459
F79,41,460
F80,131,461
F81,217,462
F82,7,463
F84,111,464
F88,2,465
F89,4,466
F90,21,467
F91,93,468
F92,3,469
F93,11,470
F94,1,471
F95,29,472
F98,93,473
F99,223,474
G00,123,475
G01,31,476
G02,52,477
G03,1561,478
G04,442,479
G05,79,480
G06,190,481
G07,4,482
G08,50,483
G09,38,484
G10,32,485
G11,192,486
G12,276,487
G13,16,488
G14,20,489
G20,1336,490
G21,61,491
G22,3,492
G23,62,493
G24,668,494
G25,2690,495
G30,505,496
G31,728,497
G32,14,498
G35,1556,499
G36,23,500
G37,383,501
G40,4645,502
G41,146,503
G43,16042,504
G44,3632,505
G45,5074,506
G46,116,507
G47,10498,508
G50,1858,509
G51,1964,510
G52,290,511
G53,87,512
G54,760,513
G55,3603,514
G56,14449,515
G57,3101,516
G58,1667,517
G59,218,518
G60,274,519
G61,351,520
G62,1952,521
G63,475,522
G64,184,523
G70,253,524
G71,158,525
G72,204,526
G73,18,527
G80,173,528
G81,1511,529
G82,306,530
G83,721,531
G90,349,532
G91,409,533
G92,6,534
G93,3274,535
G94,62,536
G95,911,537
G96,233,538
G97,189,539
G98,1391,540
G99,967,541
H00,8014,542
H01,3211,543
H02,9618,544
H03,50,545
H04,9062,546
H05,691,547
H06,125,548
H10,15500,549
H11,5250,550
H13,77,551
H15,833,552
H16,991,553
H17,219,554
H18,1379,555
H19,87,556
H20,1772,557
H21,441,558
H22,23,559
H25,8005,560
H26,18104,561
H27,261,562
H28,33,563
H30,133,564
H31,377,565
H32,3,566
H33,3847,567
H34,1317,568
H35,6922,569
H36,1951,570
H40,9141,571
H42,3,572
H43,6086,573
H44,1160,574
H45,7,575
H46,298,576
H47,754,577
H48,5,578
H49,357,579
H50,1462,580
H51,146,581
H52,3082,582
H53,6346,583
H54,1577,584
H55,258,585
H57,5059,586
H58,76,587
H59,169,588
H60,13898,589
H61,19047,590
H62,37,591
H65,3844,592
H66,6386,593
H67,6,594
H68,1572,595
H69,1615,596
H70,159,597
H71,404,598
H72,1344,599
H73,446,600
H74,550,601
H75,3,602
H80,706,603
H81,7383,604
H83,7526,605
H90,4562,606
H91,7733,607
H92,10369,608
H93,11479,609
H94,10,610
H95,100,611
I00,1123,612
I01,15,613
I02,17,614
I05,368,615
I06,63,616
I07,504,617
I08,1633,618
I09,63,619
I10,109762,620
I11,345,621
I12,1380,622
I13,33,623
I15,140,624
I20,19431,625
I21,11468,626
I22,584,627
I23,44,628
I24,1750,629
I25,22791,630
I26,5046,631
I27,916,632
I28,51,633
I30,384,634
I31,1206,635
I32,10,636
I33,230,637
I34,2619,638
I35,2695,639
I36,116,640
I37,146,641
I38,444,642
I39,5,643
I40,48,644
I41,5,645
I42,1379,646
I43,32,647
I44,3621,648
I45,2342,649
I46,996,650
I47,3566,651
I48,14257,652
I49,6404,653
I50,5687,654
I51,8283,655
I52,3,656
I60,959,657
I61,725,658
I62,510,659
I63,3336,660
I64,5786,661
I65,982,662
I66,80,663
I67,2814,664
I68,19,665
I69,1169,666
I70,1239,667
I71,1613,668
I72,615,669
I73,6467,670
I74,921,671
I77,1431,672
I78,1680,673
I79,84,674
I80,10588,675
I81,148,676
I82,551,677
I83,14225,678
I84,20689,679
I85,496,680
I86,1227,681
I87,832,682
I88,246,683
I89,1055,684
I95,5897,685
I97,200,686
I98,262,687
I99,326,688
J00,3411,689
J01,15832,690
J02,15446,691
J03,13635,692
J04,2888,693
J05,90,694
J06,32978,695
J09,8,696
J10,275,697
J11,7082,698
J12,127,699
J13,552,700
J14,95,701
J15,588,702
J16,52,703
J17,136,704
J18,14265,705
J20,3377,706
J21,63,707
J22,36886,708
J30,32632,709
J31,4119,710
J32,8124,711
J33,4714,712
J34,11214,713
J35,1097,714
J36,549,715
J37,385,716
J38,2163,717
J39,1020,718
J40,6294,719
J41,66,720
J42,305,721
J43,1726,722
J44,11538,723
J45,44247,724
J46,316,725
J47,2358,726
J60,19,727
J61,286,728
J62,8,729
J63,14,730
J64,25,731
J66,1,732
J67,98,733
J68,14,734
J69,647,735
J70,56,736
J80,171,737
J81,531,738
J82,58,739
J84,1278,740
J85,109,741
J86,317,742
J90,4838,743
J91,205,744
J92,927,745
J93,1702,746
J94,316,747
J95,360,748
J96,2021,749
J98,8804,750
J99,187,751
K00,167,752
K01,1701,753
K02,2980,754
K03,74,755
K04,4950,756
K05,1164,757
K06,405,758
K07,1571,759
K08,2519,760
K09,557,761
K10,1151,762
K11,2104,763
K12,2268,764
K13,4134,765
K14,2088,766
K20,9627,767
K21,37453,768
K22,10078,769
K23,20,770
K25,6498,771
K26,5572,772
K27,1114,773
K28,62,774
K29,29646,775
K30,12388,776
K31,7616,777
K35,2776,778
K36,121,779
K37,4942,780
K38,265,781
K40,16735,782
K41,773,783
K42,4429,784
K43,3663,785
K44,27266,786
K45,126,787
K46,1235,788
K50,1845,789
K51,3544,790
K52,16176,791
K55,1036,792
K56,3886,793
K57,27161,794
K58,20864,795
K59,13619,796
K60,4094,797
K61,1953,798
K62,24589,799
K63,14079,800
K64,19787,801
K65,1899,802
K66,2903,803
K67,6,804
K70,997,805
K71,80,806
K72,418,807
K73,192,808
K74,1068,809
K75,1600,810
K76,5140,811
K77,19,812
K80,17289,813
K81,3228,814
K82,1961,815
K83,1938,816
K85,2233,817
K86,1161,818
K87,3,819
K90,2988,820
K91,1461,821
K92,10360,822
K93,9,823
L00,6,824
L01,943,825
L02,7595,826
L03,17762,827
L04,492,828
L05,1010,829
L08,9016,830
L10,54,831
L11,57,832
L12,104,833
L13,648,834
L14,1,835
L20,8794,836
L21,6339,837
L22,20,838
L23,931,839
L24,313,840
L25,2017,841
L26,10,842
L27,574,843
L28,945,844
L29,7910,845
L30,30813,846
L40,9195,847
L41,70,848
L42,1029,849
L43,1412,850
L44,38,851
L50,7017,852
L51,188,853
L52,204,854
L53,698,855
L54,1,856
L55,244,857
L56,401,858
L57,11250,859
L58,15,860
L59,43,861
L60,7125,862
L63,599,863
L64,102,864
L65,2069,865
L66,126,866
L67,26,867
L68,360,868
L70,4129,869
L71,3597,870
L72,9206,871
L73,2363,872
L74,704,873
L75,13,874
L80,722,875
L81,2788,876
L82,18466,877
L83,103,878
L84,2408,879
L85,2096,880
L87,8,881
L88,45,882
L89,1171,883
L90,3315,884
L91,3120,885
L92,1103,886
L93,258,887
L94,359,888
L95,152,889
L97,1241,890
L98,28171,891
L99,11,892
M00,411,893
M01,24,894
M02,153,895
M03,7,896
M05,593,897
M06,6269,898
M07,584,899
M08,48,900
M10,10720,901
M11,496,902
M12,411,903
M13,18840,904
M14,136,905
M15,6013,906
M16,11406,907
M17,21370,908
M18,1182,909
M19,46514,910
M20,12773,911
M21,2421,912
M22,2050,913
M23,13647,914
M24,2649,915
M25,54322,916
M30,101,917
M31,798,918
M32,608,919
M33,145,920
M34,219,921
M35,2826,922
M36,23,923
M40,327,924
M41,1779,925
M42,104,926
M43,3088,927
M45,1224,928
M46,2052,929
M47,17823,930
M48,7305,931
M49,116,932
M50,2305,933
M51,14793,934
M53,3872,935
M54,45020,936
M60,392,937
M61,43,938
M62,2707,939
M63,1,940
M65,11618,941
M66,794,942
M67,7059,943
M68,5,944
M70,10143,945
M71,1901,946
M72,14769,947
M73,1,948
M75,20270,949
M76,5007,950
M77,21073,951
M79,51475,952
M80,917,953
M81,10791,954
M82,98,955
M83,72,956
M84,2090,957
M85,7574,958
M86,1428,959
M87,535,960
M88,318,961
M89,3150,962
M90,300,963
M91,134,964
M92,454,965
M93,496,966
M94,1578,967
M95,1433,968
M96,386,969
M99,163,970
N00,178,971
N01,5,972
N02,827,973
N03,837,974
N04,183,975
N05,449,976
N06,10,977
N07,8,978
N08,447,979
N10,927,980
N11,185,981
N12,1088,982
N13,2551,983
N14,38,984
N15,106,985
N16,29,986
N17,4670,987
N18,10563,988
N19,1970,989
N20,6586,990
N21,723,991
N23,3557,992
N25,126,993
N26,127,994
N27,76,995
N28,4082,996
N29,17,997
N30,11386,998
N31,3163,999
N32,10271,1000
N33,6,1001
N34,722,1002
N35,2963,1003
N36,863,1004
N37,4,1005
N39,29248,1006
N40,15977,1007
N41,2568,1008
N42,1886,1009
N43,1394,1010
N44,160,1011
N45,1671,1012
N46,400,1013
N47,2104,1014
N48,4178,1015
N49,284,1016
N50,7203,1017
N51,24,1018
N60,8104,1019
N61,1245,1020
N62,1300,1021
N63,10290,1022
N64,8565,1023
N70,703,1024
N71,335,1025
N72,1377,1026
N73,3004,1027
N74,16,1028
N75,1546,1029
N76,3182,1030
N77,204,1031
N80,6335,1032
N81,12175,1033
N82,165,1034
N83,8105,1035
N84,11285,1036
N85,4867,1037
N86,1340,1038
N87,5553,1039
N88,1878,1040
N89,8080,1041
N90,3939,1042
N91,1617,1043
N92,19333,1044
N93,7110,1045
N94,7896,1046
N95,23904,1047
N96,26,1048
N97,2748,1049
N98,45,1050
N99,983,1051
O00,709,1052
O01,151,1053
O02,1644,1054
O03,3873,1055
O04,2885,1056
O05,5,1057
O06,332,1058
O07,15,1059
O08,61,1060
O10,88,1061
O11,25,1062
O12,151,1063
O13,545,1064
O14,357,1065
O15,76,1066
O16,1906,1067
O20,1023,1068
O21,245,1069
O22,96,1070
O23,220,1071
O24,536,1072
O26,1640,1073
O28,99,1074
O30,414,1075
O31,26,1076
O32,1008,1077
O33,70,1078
O34,1370,1079
O35,228,1080
O36,1676,1081
O40,100,1082
O41,216,1083
O42,974,1084
O43,210,1085
O44,156,1086
O45,44,1087
O46,531,1088
O47,906,1089
O48,996,1090
O60,640,1091
O61,138,1092
O62,383,1093
O63,1624,1094
O64,351,1095
O65,42,1096
O66,296,1097
O67,87,1098
O68,2849,1099
O69,540,1100
O70,4570,1101
O71,193,1102
O72,1367,1103
O73,200,1104
O74,23,1105
O75,677,1106
O80,10114,1107
O81,1252,1108
O82,1866,1109
O83,16,1110
O84,22,1111
O85,57,1112
O86,218,1113
O87,93,1114
O88,10,1115
O89,20,1116
O90,225,1117
O91,200,1118
O92,156,1119
O94,5,1120
O98,64,1121
O99,1703,1122
P00,2,1123
P02,2,1124
P03,113,1125
P05,5,1126
P07,21,1127
P08,4,1128
P10,1,1129
P11,2,1130
P12,1,1131
P13,1,1132
P14,9,1133
P15,10,1134
P20,5,1135
P21,1,1136
P22,4,1137
P23,2,1138
P24,3,1139
P25,1,1140
P26,1,1141
P27,1,1142
P28,7,1143
P29,7,1144
P35,12,1145
P36,29,1146
P37,9,1147
P38,11,1148
P39,10,1149
P50,1,1150
P51,4,1151
P54,5,1152
P55,3,1153
P58,1,1154
P59,16,1155
P61,3,1156
P70,1,1157
P83,9,1158
P92,4,1159
P94,2,1160
P95,86,1161
P96,132,1162
Q00,4,1163
Q01,6,1164
Q02,2,1165
Q03,16,1166
Q04,41,1167
Q05,223,1168
Q06,23,1169
Q07,95,1170
Q10,81,1171
Q11,21,1172
Q12,152,1173
Q13,36,1174
Q14,172,1175
Q15,31,1176
Q16,39,1177
Q17,89,1178
Q18,172,1179
Q20,15,1180
Q21,643,1181
Q22,33,1182
Q23,262,1183
Q24,196,1184
Q25,138,1185
Q26,19,1186
Q27,156,1187
Q28,148,1188
Q30,68,1189
Q31,34,1190
Q32,3,1191
Q33,34,1192
Q34,7,1193
Q35,12,1194
Q36,7,1195
Q37,16,1196
Q38,298,1197
Q39,110,1198
Q40,84,1199
Q42,9,1200
Q43,250,1201
Q44,145,1202
Q45,37,1203
Q50,190,1204
Q51,197,1205
Q52,117,1206
Q53,415,1207
Q54,150,1208
Q55,98,1209
Q60,135,1210
Q61,603,1211
Q62,104,1212
Q63,339,1213
Q64,112,1214
Q65,176,1215
Q66,674,1216
Q67,176,1217
Q68,63,1218
Q69,6,1219
Q70,26,1220
Q71,16,1221
Q72,28,1222
Q73,5,1223
Q74,147,1224
Q75,29,1225
Q76,471,1226
Q77,18,1227
Q78,101,1228
Q79,156,1229
Q80,74,1230
Q81,13,1231
Q82,1009,1232
Q83,116,1233
Q84,71,1234
Q85,186,1235
Q86,1,1236
Q87,184,1237
Q89,212,1238
Q90,23,1239
Q91,6,1240
Q92,5,1241
Q93,3,1242
Q95,2,1243
Q96,32,1244
Q97,4,1245
Q98,45,1246
Q99,31,1247
R00,7589,1248
R01,929,1249
R02,540,1250
R03,2221,1251
R04,3734,1252
R05,2636,1253
R06,8043,1254
R07,27433,1255
R09,979,1256
R10,26902,1257
R11,10330,1258
R12,1761,1259
R13,5712,1260
R14,1569,1261
R15,1558,1262
R16,575,1263
R17,767,1264
R18,1422,1265
R19,13362,1266
R20,2467,1267
R21,1593,1268
R22,1795,1269
R23,556,1270
R25,838,1271
R26,1784,1272
R27,280,1273
R29,2882,1274
R30,1026,1275
R31,13177,1276
R32,2138,1277
R33,5984,1278
R34,94,1279
R35,3267,1280
R36,37,1281
R39,4273,1282
R40,642,1283
R41,2913,1284
R42,4159,1285
R43,82,1286
R44,493,1287
R45,646,1288
R46,180,1289
R47,1353,1290
R48,22,1291
R49,893,1292
R50,3694,1293
R51,6668,1294
R52,1267,1295
R53,2561,1296
R54,399,1297
R55,7851,1298
R56,1775,1299
R57,275,1300
R58,71,1301
R59,2189,1302
R60,1537,1303
R61,551,1304
R62,12,1305
R63,5898,1306
R64,43,1307
R65,117,1308
R68,358,1309
R69,13117,1310
R70,87,1311
R71,55,1312
R72,247,1313
R73,666,1314
R74,240,1315
R75,1,1316
R76,215,1317
R77,106,1318
R78,58,1319
R79,5611,1320
R80,273,1321
R81,87,1322
R82,301,1323
R83,30,1324
R84,110,1325
R85,200,1326
R86,125,1327
R87,1207,1328
R89,73,1329
R90,298,1330
R91,2288,1331
R92,40,1332
R93,2728,1333
R94,3890,1334
R99,9,1335
S00,2036,1336
S01,2733,1337
S02,1740,1338
S03,38,1339
S04,10,1340
S05,293,1341
S06,957,1342
S07,1,1343
S08,10,1344
S09,1758,1345
S10,105,1346
S11,52,1347
S12,276,1348
S13,127,1349
S14,79,1350
S15,13,1351
S16,2,1352
S19,108,1353
S20,360,1354
S21,78,1355
S22,1608,1356
S23,23,1357
S24,20,1358
S25,10,1359
S26,11,1360
S27,556,1361
S28,2,1362
S29,124,1363
S30,518,1364
S31,146,1365
S32,1139,1366
S33,31,1367
S34,21,1368
S35,20,1369
S36,168,1370
S37,124,1371
S38,6,1372
S39,282,1373
S40,276,1374
S41,107,1375
S42,2233,1376
S43,420,1377
S44,18,1378
S45,5,1379
S46,204,1380
S47,2,1381
S48,1,1382
S49,138,1383
S50,282,1384
S51,414,1385
S52,5084,1386
S53,135,1387
S54,81,1388
S55,23,1389
S56,201,1390
S57,3,1391
S59,41,1392
S60,381,1393
S61,2699,1394
S62,2163,1395
S63,513,1396
S64,574,1397
S65,113,1398
S66,987,1399
S67,132,1400
S68,336,1401
S69,180,1402
S70,292,1403
S71,92,1404
S72,1940,1405
S73,53,1406
S74,6,1407
S75,6,1408
S76,297,1409
S77,1,1410
S78,1,1411
S79,150,1412
S80,711,1413
S81,511,1414
S82,4599,1415
S83,642,1416
S84,13,1417
S85,15,1418
S86,684,1419
S87,4,1420
S88,6,1421
S89,222,1422
S90,218,1423
S91,253,1424
S92,841,1425
S93,237,1426
S94,5,1427
S95,4,1428
S96,66,1429
S97,21,1430
S98,13,1431
S99,107,1432
T00,88,1433
T01,48,1434
T02,113,1435
T03,4,1436
T04,2,1437
T05,1,1438
T06,8,1439
T07,2,1440
T08,10,1441
T09,57,1442
T10,4,1443
T11,56,1444
T12,1,1445
T13,86,1446
T14,214,1447
T15,27,1448
T16,37,1449
T17,281,1450
T18,377,1451
T19,36,1452
T20,92,1453
T21,103,1454
T22,104,1455
T23,141,1456
T24,100,1457
T25,48,1458
T26,15,1459
T27,5,1460
T28,7,1461
T29,22,1462
T30,5,1463
T31,246,1464
T32,10,1465
T33,2,1466
T34,2,1467
T35,4,1468
T36,64,1469
T37,26,1470
T38,139,1471
T39,1450,1472
T40,576,1473
T41,8,1474
T42,784,1475
T43,951,1476
T44,153,1477
T45,169,1478
T46,183,1479
T47,79,1480
T48,21,1481
T49,17,1482
T50,311,1483
T51,812,1484
T52,17,1485
T53,1,1486
T54,17,1487
T55,7,1488
T56,33,1489
T57,1,1490
T58,47,1491
T59,81,1492
T60,18,1493
T61,6,1494
T62,21,1495
T63,107,1496
T65,33,1497
T66,25,1498
T67,9,1499
T68,86,1500
T69,6,1501
T70,21,1502
T71,19,1503
T73,12,1504
T74,5,1505
T75,47,1506
T78,876,1507
T79,397,1508
T80,221,1509
T81,11068,1510
T82,2167,1511
T83,1074,1512
T84,4062,1513
T85,2032,1514
T86,317,1515
T87,149,1516
T88,736,1517
T90,487,1518
T91,263,1519
T92,590,1520
T93,699,1521
T94,64,1522
T95,47,1523
T96,2,1524
T97,6,1525
T98,103,1526
U04,2,1527
U50,1,1528
U51,137,1529
U52,3,1530
U80,682,1531
U81,73,1532
U88,195,1533
U89,196,1534
V01,42,1535
V02,25,1536
V03,301,1537
V04,30,1538
V05,3,1539
V06,6,1540
V09,58,1541
V10,19,1542
V11,41,1543
V12,5,1544
V13,285,1545
V14,20,1546
V15,1,1547
V16,1,1548
V17,67,1549
V18,1000,1550
V19,152,1551
V20,7,1552
V21,2,1553
V22,16,1554
V23,226,1555
V24,9,1556
V25,1,1557
V26,2,1558
V27,40,1559
V28,302,1560
V29,101,1561
V30,1,1562
V31,1,1563
V33,3,1564
V35,1,1565
V37,1,1566
V38,3,1567
V39,3,1568
V40,3,1569
V41,2,1570
V42,10,1571
V43,516,1572
V44,60,1573
V45,2,1574
V46,3,1575
V47,129,1576
V48,149,1577
V49,207,1578
V53,8,1579
V54,5,1580
V55,1,1581
V57,4,1582
V58,14,1583
V59,15,1584
V63,4,1585
V64,4,1586
V65,1,1587
V67,1,1588
V68,22,1589
V69,13,1590
V70,1,1591
V72,1,1592
V73,3,1593
V74,1,1594
V76,2,1595
V77,3,1596
V78,78,1597
V79,34,1598
V80,286,1599
V81,21,1600
V82,12,1601
V83,13,1602
V84,2,1603
V85,4,1604
V86,19,1605
V87,3,1606
V88,7,1607
V89,141,1608
V90,1,1609
V91,6,1610
V92,14,1611
V93,50,1612
V94,9,1613
V95,11,1614
V96,27,1615
V97,25,1616
V98,2,1617
V99,19,1618
W00,942,1619
W01,5237,1620
W02,277,1621
W03,211,1622
W04,8,1623
W05,52,1624
W06,253,1625
W07,302,1626
W08,120,1627
W09,22,1628
W10,2560,1629
W11,1083,1630
W12,63,1631
W13,253,1632
W14,29,1633
W15,29,1634
W16,11,1635
W17,530,1636
W18,1637,1637
W19,4918,1638
W20,278,1639
W21,188,1640
W22,648,1641
W23,713,1642
W24,25,1643
W25,445,1644
W26,392,1645
W27,303,1646
W28,49,1647
W29,387,1648
W30,6,1649
W31,413,1650
W32,2,1651
W33,4,1652
W34,11,1653
W35,1,1654
W36,6,1655
W37,4,1656
W38,1,1657
W39,5,1658
W40,13,1659
W44,523,1660
W45,442,1661
W46,3,1662
W49,115,1663
W50,145,1664
W51,118,1665
W52,5,1666
W53,2,1667
W54,473,1668
W55,295,1669
W56,4,1670
W57,356,1671
W58,2,1672
W59,2,1673
W60,33,1674
W64,39,1675
W66,1,1676
W67,1,1677
W69,4,1678
W70,2,1679
W73,1,1680
W74,9,1681
W76,1,1682
W78,38,1683
W79,131,1684
W80,17,1685
W83,2,1686
W84,44,1687
W85,4,1688
W86,21,1689
W87,26,1690
W88,1,1691
W89,1,1692
W90,10,1693
W91,4,1694
W92,2,1695
W93,2,1696
W94,15,1697
X00,19,1698
X01,2,1699
X02,4,1700
X03,4,1701
X04,32,1702
X05,2,1703
X06,7,1704
X08,13,1705
X09,41,1706
X10,53,1707
X11,24,1708
X12,38,1709
X13,6,1710
X14,5,1711
X15,15,1712
X16,21,1713
X17,6,1714
X18,4,1715
X19,18,1716
X20,4,1717
X21,4,1718
X22,1,1719
X23,116,1720
X25,8,1721
X26,3,1722
X28,1,1723
X29,9,1724
X30,4,1725
X31,20,1726
X32,5,1727
X33,3,1728
X35,1,1729
X38,1,1730
X39,9,1731
X40,250,1732
X41,212,1733
X42,139,1734
X43,27,1735
X44,226,1736
X45,92,1737
X46,14,1738
X47,52,1739
X48,8,1740
X49,140,1741
X50,953,1742
X51,96,1743
X53,8,1744
X54,2,1745
X58,111,1746
X59,3124,1747
X60,1198,1748
X61,1180,1749
X62,398,1750
X63,116,1751
X64,490,1752
X65,679,1753
X66,2,1754
X67,37,1755
X68,45,1756
X69,40,1757
X70,23,1758
X71,4,1759
X72,4,1760
X73,1,1761
X74,2,1762
X76,5,1763
X77,5,1764
X78,153,1765
X79,4,1766
X80,15,1767
X81,5,1768
X82,5,1769
X83,11,1770
X84,21,1771
X85,7,1772
X86,6,1773
X87,1,1774
X88,2,1775
X90,3,1776
X91,5,1777
X92,3,1778
X93,3,1779
X94,1,1780
X95,1,1781
X96,3,1782
X97,1,1783
X99,125,1784
Y00,77,1785
Y01,6,1786
Y03,2,1787
Y04,634,1788
Y05,3,1789
Y07,17,1790
Y08,25,1791
Y09,153,1792
Y10,11,1793
Y11,15,1794
Y12,3,1795
Y13,1,1796
Y14,10,1797
Y15,5,1798
Y17,1,1799
Y19,1,1800
Y20,4,1801
Y21,1,1802
Y23,2,1803
Y24,1,1804
Y25,1,1805
Y26,1,1806
Y28,34,1807
Y29,8,1808
Y30,4,1809
Y31,4,1810
Y32,1,1811
Y33,6,1812
Y34,29,1813
Y40,644,1814
Y41,179,1815
Y42,805,1816
Y43,2055,1817
Y44,293,1818
Y45,916,1819
Y46,100,1820
Y47,42,1821
Y48,107,1822
Y49,140,1823
Y50,14,1824
Y51,287,1825
Y52,562,1826
Y53,103,1827
Y54,263,1828
Y55,42,1829
Y56,93,1830
Y57,370,1831
Y58,17,1832
Y59,36,1833
Y60,509,1834
Y61,13,1835
Y62,1,1836
Y63,5,1837
Y65,68,1838
Y66,14,1839
Y69,4,1840
Y70,14,1841
Y71,37,1842
Y72,9,1843
Y73,30,1844
Y74,2,1845
Y75,3,1846
Y76,44,1847
Y77,36,1848
Y78,3,1849
Y79,102,1850
Y80,3,1851
Y81,17,1852
Y82,28,1853
Y83,15438,1854
Y84,1997,1855
Y85,351,1856
Y86,781,1857
Y87,81,1858
Y88,160,1859
Y89,47,1860
Y90,37,1861
Y91,71,1862
Y95,1196,1863
Y96,2,1864
Y97,2,1865
Z00,703,1866
Z01,2157,1867
Z02,1881,1868
Z03,9366,1869
Z04,1606,1870
Z08,4217,1871
Z09,9142,1872
Z10,2,1873
Z11,621,1874
Z12,5618,1875
Z13,8791,1876
Z20,53,1877
Z21,82,1878
Z22,1122,1879
Z23,8,1880
Z24,22,1881
Z25,7,1882
Z26,9,1883
Z27,20,1884
Z28,6,1885
Z29,617,1886
Z30,7285,1887
Z31,238,1888
Z32,151,1889
Z33,391,1890
Z34,940,1891
Z35,916,1892
Z36,1039,1893
Z37,9834,1894
Z38,32,1895
Z39,418,1896
Z40,626,1897
Z41,637,1898
Z42,2118,1899
Z43,1536,1900
Z44,93,1901
Z45,2932,1902
Z46,4274,1903
Z47,2864,1904
Z48,1250,1905
Z49,323,1906
Z50,3831,1907
Z51,21780,1908
Z52,293,1909
Z53,22217,1910
Z54,160,1911
Z55,5,1912
Z56,126,1913
Z57,473,1914
Z58,111,1915
Z59,136,1916
Z60,3196,1917
Z61,26,1918
Z62,9,1919
Z63,389,1920
Z64,27,1921
Z65,33,1922
Z70,24,1923
Z71,1116,1924
Z72,15617,1925
Z73,557,1926
Z74,459,1927
Z75,703,1928
Z76,162,1929
Z80,8935,1930
Z81,113,1931
Z82,11751,1932
Z83,1992,1933
Z84,138,1934
Z85,20755,1935
Z86,43593,1936
Z87,22739,1937
Z88,22524,1938
Z89,426,1939
Z90,13333,1940
Z91,5026,1941
Z92,25798,1942
Z93,2517,1943
Z94,965,1944
Z95,10991,1945
Z96,15550,1946
Z97,962,1947
Z98,2998,1948
Z99,1530,1949
